wave,section,RMSE_cases,MAE_cases,MAPE_percent,R_squared
wave_1,fitting,7734.3000779740005,6216.451233234545,4.444346566979278,0.9877260469618527
wave_1,validation,13003.806690404055,12806.147225951936,4.676912025214537,-167.92044630732263
wave_1,overall,9051.015852335726,7549.1987373796355,4.4913822776336,0.9827666136710193
wave_2,fitting,9158.360976102605,7652.050645769948,1.9268558715490658,0.9959708316792354
wave_2,validation,14549.947319666057,14255.443608775751,2.141986727052961,0.037370832975079704
wave_2,overall,10461.388723104155,8972.729238371108,1.969882042649845,0.9957808892878406
